{"deviceType":"phone,tablet,2in1","localPropertiesPath":"D:\\HarmonyOsDemo\\MyApp\\local.properties","Path":"D:\\DevEco Studio\\tools\\node\\","note":"false","aceProfilePath":"D:\\HarmonyOsDemo\\MyApp\\entry\\.preview\\default\\intermediates\\res\\default\\resources\\base\\profile","isPreview":"true","hapMode":"false","buildMode":"debug","img2bin":"true","projectProfilePath":"D:\\HarmonyOsDemo\\MyApp\\build-profile.json5","watchMode":"true","appResource":"D:\\HarmonyOsDemo\\MyApp\\entry\\.preview\\default\\intermediates\\res\\default\\ResourceTable.txt","logLevel":"3","stageRouterConfig":{"contents":["{\"module\":{\"pages\":\"$profile:main_pages\",\"name\":\"entry\"}}","{\"src\":[\"views/Home\"]}"],"paths":["D:\\HarmonyOsDemo\\MyApp\\entry\\.preview\\default\\intermediates\\res\\default\\module.json","D:\\HarmonyOsDemo\\MyApp\\entry\\.preview\\default\\intermediates\\res\\default\\resources\\base\\profile\\main_pages.json"]},"port":"29904","aceBuildJson":"D:\\HarmonyOsDemo\\MyApp\\entry\\.preview\\default\\intermediates\\loader\\default\\loader.json","aceModuleRoot":"D:\\HarmonyOsDemo\\MyApp\\entry\\src\\main\\ets","aceSoPath":"D:\\HarmonyOsDemo\\MyApp\\entry\\.preview\\cache\\nativeDependencies.txt","cachePath":"D:\\HarmonyOsDemo\\MyApp\\entry\\.preview\\cache\\.default","aceModuleBuild":"D:\\HarmonyOsDemo\\MyApp\\entry\\.preview\\default\\intermediates\\assets\\default\\ets","aceModuleJsonPath":"D:\\HarmonyOsDemo\\MyApp\\entry\\.preview\\default\\intermediates\\res\\default\\module.json"}