{
  "HVIGOR_OHOS_PLUGIN": {
    "MODULES": [
      {
        "MODULE_NAME": "1043bfc77febe75fafec0c4309faccf1",
        "API_TYPE": "stageMode"
      }
    ],
    "BUILD_MODE": "debug"
  },
  "HVIGOR": {
    "IS_INCREMENTAL": true,
    "IS_DAEMON": true,
    "IS_PARALLEL": true,
    "IS_HVIGORFILE_TYPE_CHECK": false,
    "TASK_TIME": {
      "1043bfc77febe75fafec0c4309faccf1": {
        "PreCheckSyscap": 2287300,
        "PreviewProcessResource": 26756800,
        "PreviewCompileResource": 1089124700,
        "PreviewHookCompileResource": 1535600,
        "CopyPreviewProfile": 53350900,
        "ReplacePreviewerPage": 23987000,
        "buildPreviewerResource": 1060500,
        "PreviewUpdateAssets": 28469000,
        "PreviewArkTS": 52551083600,
        "PreviewBuild": 659500
      }
    },
    "TOTAL_TIME": 55763808700,
    "BUILD_ID": "202504230930195400"
  }
}