{
  "entry|entry|1.0.0|src/main/ets/entryability/EntryAbility.ts": {
    "version": 3,
    "file": "EntryAbility.ets",
    "sourceRoot": "",
    "sources": [
      "entry/src/main/ets/entryability/EntryAbility.ets"
    ],
    "names": [],
    "mappings": ";;;;;;AAIA,MAAM,MAAM,GAAG,MAAM,CAAC;AAEtB,MAAM,CAAC,OAAO,OAAO,YAAa,SAAQ,SAAS;IACjD,QAAQ,CAAC,IAAI,EAAE,IAAI,EAAE,WAAW,EAAE,eAAe,CAAC,WAAW,GAAG,IAAI;QAClE,IAAI,CAAC,OAAO,CAAC,qBAAqB,EAAE,CAAC,YAAY,CAAC,qBAAqB,CAAC,SAAS,CAAC,kBAAkB,CAAC,CAAC;QACtG,KAAK,CAAC,IAAI,CAAC,MAAM,EAAE,SAAS,EAAE,YAAY,EAAE,kBAAkB,CAAC,CAAC;IAClE,CAAC;IAED,SAAS,IAAI,IAAI;QACf,KAAK,CAAC,IAAI,CAAC,MAAM,EAAE,SAAS,EAAE,YAAY,EAAE,mBAAmB,CAAC,CAAC;IACnE,CAAC;IAED,mBAAmB,CAAC,WAAW,EAAE,MAAM,CAAC,WAAW,GAAG,IAAI;QACxD,yDAAyD;QACzD,KAAK,CAAC,IAAI,CAAC,MAAM,EAAE,SAAS,EAAE,YAAY,EAAE,6BAA6B,CAAC,CAAC;QAE3E,WAAW,CAAC,WAAW,CAAC,iBAAiB,EAAE,CAAC,GAAG,EAAE,EAAE;YACjD,IAAI,GAAG,CAAC,IAAI,EAAE;gBACZ,KAAK,CAAC,KAAK,CAAC,MAAM,EAAE,SAAS,EAAE,+CAA+C,EAAE,IAAI,CAAC,SAAS,CAAC,GAAG,CAAC,CAAC,CAAC;gBACrG,OAAO;aACR;YACD,KAAK,CAAC,IAAI,CAAC,MAAM,EAAE,SAAS,EAAE,mCAAmC,CAAC,CAAC;QACrE,CAAC,CAAC,CAAC;IACL,CAAC;IAED,oBAAoB,IAAI,IAAI;QAC1B,yDAAyD;QACzD,KAAK,CAAC,IAAI,CAAC,MAAM,EAAE,SAAS,EAAE,YAAY,EAAE,8BAA8B,CAAC,CAAC;IAC9E,CAAC;IAED,YAAY,IAAI,IAAI;QAClB,oCAAoC;QACpC,KAAK,CAAC,IAAI,CAAC,MAAM,EAAE,SAAS,EAAE,YAAY,EAAE,sBAAsB,CAAC,CAAC;IACtE,CAAC;IAED,YAAY,IAAI,IAAI;QAClB,iCAAiC;QACjC,KAAK,CAAC,IAAI,CAAC,MAAM,EAAE,SAAS,EAAE,YAAY,EAAE,sBAAsB,CAAC,CAAC;IACtE,CAAC;CACF",
    "entry-package-info": "entry|1.0.0"
  },
  "entry|entry|1.0.0|src/main/ets/entrybackupability/EntryBackupAbility.ts": {
    "version": 3,
    "file": "EntryBackupAbility.ets",
    "sourceRoot": "",
    "sources": [
      "entry/src/main/ets/entrybackupability/EntryBackupAbility.ets"
    ],
    "names": [],
    "mappings": ";;;AAGA,MAAM,MAAM,GAAG,MAAM,CAAC;AAEtB,MAAM,CAAC,OAAO,OAAO,kBAAmB,SAAQ,sBAAsB;IACpE,KAAK,CAAC,QAAQ;QACZ,KAAK,CAAC,IAAI,CAAC,MAAM,EAAE,SAAS,EAAE,aAAa,CAAC,CAAC;QAC7C,MAAM,OAAO,CAAC,OAAO,EAAE,CAAC;IAC1B,CAAC;IAED,KAAK,CAAC,SAAS,CAAC,aAAa,EAAE,aAAa;QAC1C,KAAK,CAAC,IAAI,CAAC,MAAM,EAAE,SAAS,EAAE,yBAAyB,EAAE,IAAI,CAAC,SAAS,CAAC,aAAa,CAAC,CAAC,CAAC;QACxF,MAAM,OAAO,CAAC,OAAO,EAAE,CAAC;IAC1B,CAAC;CACF",
    "entry-package-info": "entry|1.0.0"
  },
  "entry|entry|1.0.0|src/main/ets/views/Home.ts": {
    "version": 3,
    "file": "Home.ets",
    "sourceRoot": "",
    "sources": [
      "entry/src/main/ets/views/Home.ets"
    ],
    "names": [],
    "mappings": ";;;;IASS,aAAa,GAAE,KAAK,CAAC,QAAQ,CAAC;IAC9B,UAAU,GAAE,MAAM;IACjB,gBAAgB,GAAE,gBAAgB;IAClC,OAAO;IACP,kBAAkB;IAClB,QAAQ;;OAdX,aAAa;YACb,QAAQ,MAAM,uBAAuB;YACrC,QAAQ,MAAM,oCAAoC;;OAElD,EAAE,SAAS,EAAE;AAIpB,MAAM,CAAC,OAAO,OAAQ,IAAI;IAF1B;;;;;4DAG0C,EAAE;yDACd,EAAE;gCACe,IAAI,gBAAgB,EAAE;uBACjD,UAAU,CAAC,IAAI,CAAC,IAAI,MAAM,CAAC,gBAAgB;kCAChC,IAAI,CAAC,OAAO,CAAC,qBAAqB,EAAE;wBAC9C,IAAI,CAAC,kBAAkB,CAAC,QAAQ;;;KAVG;;;;;;;;;;;;;;;;;;;;;;;;;;;;;;;;;IAKtD,kDAAsB,KAAK,CAAC,QAAQ,CAAC,EAAM;QAApC,aAAa;;;QAAb,aAAa,WAAE,KAAK,CAAC,QAAQ,CAAC;;;IACrC,+CAAmB,MAAM,EAAM;QAAxB,UAAU;;;QAAV,UAAU,WAAE,MAAM;;;IACzB,OAAO,mBAAmB,gBAAgB,CAA0B;IACpE,OAAO,SAAuD;IAC9D,OAAO,oBAA0D;IACjE,OAAO,UAA6C;IAEpD,KAAK,CAAC,aAAa,IAAI,OAAO,CAAC,IAAI,CAAC;QAClC,IAAI,QAAQ,EAAE,SAAS,GAAG,IAAI,SAAS,EAAE,CAAC;QAC1C,MAAM,IAAI,EAAE,KAAK,CAAC,QAAQ,CAAC,GAAG,MAAM,QAAQ,CAAC,eAAe,EAAE,CAAC;QAC/D,IAAI,CAAC,aAAa,GAAG,IAAI,CAAC;QAC1B,QAAQ,CAAC,cAAc,CAAC,IAAI,CAAC,QAAQ,CAAC,CAAC,IAAI,CAAC,CAAC,KAAK,EAAE,MAAM,EAAE,EAAE;YAC5D,IAAI,CAAC,UAAU,GAAG,KAAK,CAAC;QAC1B,CAAC,CAAC,CAAC;QACH,QAAQ,CAAC,kBAAkB,EAAE,CAAC;IAChC,CAAC;IAED;;YACE,MAAM;;YAAN,MAAM,CAiHL,KAAK,CAAC,MAAM;YAjHb,MAAM,CAkHL,MAAM,CAAC,MAAM;YAlHd,MAAM,CAmHL,eAAe,CAAC,SAAS;YAnH1B,MAAM,CAoHL,cAAc,CAAC,SAAS,CAAC,KAAK;YApH/B,MAAM,CAqHL,UAAU,CAAC,eAAe,CAAC,KAAK;YArHjC,MAAM,CAsHL,OAAO,CAAC,MAAM;;;YArHb,IAAI,QAAC,IAAI;;YAAT,IAAI,CACD,KAAK,CAAC,MAAM;YADf,IAAI,CAED,MAAM,CAAC;gBACN,GAAG,EAAE,MAAM;gBACX,MAAM,EAAE,MAAM;aACf;YALH,IAAI,CAMD,UAAU,CAAC,GAAG;YANjB,IAAI,CAOD,QAAQ,CAAC,MAAM;;QAPlB,IAAI;;YAQJ,MAAM,QAAC,IAAI,CAAC,gBAAgB;;YAA5B,MAAM,CAOL,QAAQ,CAAC,IAAI;;;YANZ,OAAO;;;;oBACL,KAAK,QAAC,IAAI;;oBAAV,KAAK,CACF,KAAK,CAAC,MAAM;oBADf,KAAK,CAEF,YAAY,CAAC,MAAM;;;+CAHhB,aAAa,CAAC,eAAe,EAAE,0BAIpC,CAAC,GAAG,EAAE,QAAQ,EAAE,EAAE,CAAC,IAAI,CAAC,SAAS,CAAC,GAAG,CAAC;;QAJzC,OAAO;QADT,MAAM;;YASN,IAAI;;YAAJ,IAAI,CAcH,eAAe,CAAC,iBAAiB;YAdlC,IAAI,CAeH,YAAY,CAAC,SAAS;YAfvB,IAAI,CAgBH,UAAU,CAAC,KAAK;YAhBjB,IAAI,CAiBH,OAAO,CAAC,MAAM;YAjBf,IAAI,CAkBH,eAAe;YAlBhB,IAAI,CAmBH,mBAAmB,CAAC;gBACnB,KAAK,EAAE,MAAM;gBACb,MAAM,EAAE,OAAO;aAChB;YAtBD,IAAI,CAuBH,MAAM,CAAC,EAAE,GAAG,EAAE,MAAM,EAAE;YAvBvB,IAAI,CAwBH,OAAO,CAAC;gBACP,GAAG,EAAE,MAAM;gBACX,MAAM,EAAE,MAAM;aACf;YA3BD,IAAI,CA4BH,MAAM,CAAC,OAAO;YA5Bf,IAAI,CA6BH,eAAe,CAAC,KAAK,CAAC,KAAK;YA7B5B,IAAI,CA8BH,YAAY,CAAC,MAAM;;;YA7BlB,OAAO;;;;;;;;;;;4BAEH,MAAM;;;;4BACJ,KAAK,QAAC,IAAI,CAAC,GAAG;;4BAAd,KAAK,CACF,KAAK,CAAC,MAAM;4BADf,KAAK,CAEF,MAAM,CAAC,MAAM;;;4BAChB,IAAI,QAAC,IAAI,CAAC,KAAK;;4BAAf,IAAI,CACD,QAAQ,CAAC,MAAM;4BADlB,IAAI,CAED,MAAM,CAAC,EAAE,GAAG,EAAE,KAAK,EAAE;;wBAFxB,IAAI;wBAJN,MAAM;wBADR,QAAQ;;;;;+CADF,aAAa,CAAC,gBAAgB,EAAE,0BAWrC,CAAC,IAAI,EAAE,QAAQ,EAAE,EAAE,CAAC,IAAI,CAAC,SAAS,CAAC,IAAI,CAAC;;QAX3C,OAAO;QADT,IAAI;;YAgCJ,IAAI,QAAC,IAAI;;YAAT,IAAI,CACD,QAAQ,CAAC,MAAM;YADlB,IAAI,CAED,UAAU,CAAC,GAAG;YAFjB,IAAI,CAGD,KAAK,CAAC,MAAM;YAHf,IAAI,CAID,MAAM,CAAC;gBACN,GAAG,EAAE,MAAM;gBACX,MAAM,EAAE,KAAK;aACd;;QAPH,IAAI;;YAQJ,IAAI;;;;YACF,OAAO;;;;;;;;4BACL,QAAQ;;;;;;wBAAR,QAAQ,CA4CP,MAAM,CAAC,EAAE,MAAM,EAAE,KAAK,EAAE;wBA5CzB,QAAQ,CA6CP,YAAY,CAAC,MAAM;wBA7CpB,QAAQ,CA8CP,eAAe,CAAC,SAAS;wBA9C1B,QAAQ,CA+CP,YAAY,CAAC,KAAK;wBA/CnB,QAAQ,CAgDP,KAAK,CAAC,SAAS,CAAC,QAAQ;wBAhDzB,QAAQ,CAiDP,KAAK,CAAC,MAAM;;;;;;4BAhDX,GAAG;;4BAAH,GAAG,CAkCF,KAAK,CAAC,MAAM;4BAlCb,GAAG,CAmCF,OAAO,CAAC;gCACP,IAAI,EAAE,MAAM;gCACZ,KAAK,EAAE,MAAM;gCACb,GAAG,EAAE,MAAM;gCACX,MAAM,EAAE,MAAM;6BACf;4BAxCD,GAAG,CAyCF,cAAc,CAAC,SAAS,CAAC,YAAY;;;4BAxCpC,KAAK,QAAC,IAAI,CAAC,WAAW;;4BAAtB,KAAK,CACF,KAAK,CAAC,OAAO;4BADhB,KAAK,CAEF,MAAM,CAAC,MAAM;4BAFhB,KAAK,CAGF,SAAS,CAAC,QAAQ,CAAC,SAAS;4BAH/B,KAAK,CAIF,YAAY,CAAC,KAAK;4BAJrB,KAAK,CAKF,MAAM,CAAC,EAAE,KAAK,EAAE,MAAM,EAAE;;;4BAC3B,MAAM;;4BAAN,MAAM,CAyBL,UAAU,CAAC,eAAe,CAAC,KAAK;;;4BAxB/B,IAAI,QAAC,IAAI,CAAC,YAAY;;4BAAtB,IAAI,CACD,KAAK,CAAC,OAAO;4BADhB,IAAI,CAED,YAAY,CAAC,EAAC,QAAQ,EAAE,YAAY,CAAC,QAAQ,EAAC;4BAFjD,IAAI,CAGD,QAAQ,CAAC,CAAC;4BAHb,IAAI,CAID,QAAQ,CAAC,MAAM;4BAJlB,IAAI,CAKD,SAAS,CAAC,WAAW;4BALxB,IAAI,CAMD,UAAU,CAAC,UAAU,CAAC,MAAM;;wBAN/B,IAAI;;4BAOJ,IAAI,QAAC,IAAI,CAAC,KAAK;;4BAAf,IAAI,CACD,KAAK,CAAC,OAAO;4BADhB,IAAI,CAED,YAAY,CAAC,EAAC,QAAQ,EAAE,YAAY,CAAC,QAAQ,EAAC;4BAFjD,IAAI,CAGD,QAAQ,CAAC,CAAC;4BAHb,IAAI,CAID,MAAM,CAAC,EAAC,GAAG,EAAC,KAAK,EAAC;4BAJrB,IAAI,CAKD,QAAQ,CAAC,MAAM;4BALlB,IAAI,CAMD,SAAS,CAAC,WAAW;;wBANxB,IAAI;;4BAOJ,GAAG;;4BAAH,GAAG,CAKF,KAAK,CAAC,OAAO;4BALd,GAAG,CAMF,MAAM,CAAC,EAAC,GAAG,EAAC,QAAQ,EAAC;4BANtB,GAAG,CAOF,cAAc,CAAC,SAAS,CAAC,GAAG;4BAP7B,GAAG,CAQF,UAAU,CAAC,aAAa,CAAC,MAAM;;;4BAP9B,KAAK,QAAC,IAAI,CAAC,UAAU;;4BAArB,KAAK,CACF,KAAK,CAAC,MAAM;4BADf,KAAK,CAEF,OAAO,CAAC,GAAG;;wBAHhB,GAAG;wBAfL,MAAM;wBAPR,GAAG;wBADL,QAAQ;;;oBAAR,QAAQ;;;+CADF,IAAI,CAAC,aAAa,0BAmDvB,CAAC,IAAI,EAAE,QAAQ,EAAE,EAAE,CAAC,IAAI,CAAC,SAAS,CAAC,IAAI,CAAC;;QAnD3C,OAAO;QADT,IAAI;QA1DN,MAAM;KAuHP",
    "entry-package-info": "entry|1.0.0"
  },
  "entry|entry|1.0.0|src/main/ets/viewmodel/ItemData.ts": {
    "version": 3,
    "file": "ItemData.ets",
    "sourceRoot": "",
    "sources": [
      "entry/src/main/ets/viewmodel/ItemData.ets"
    ],
    "names": [],
    "mappings": "AAAA,MAAM,CAAC,OAAO,OAAO,QAAQ;IAC3B,EAAE,EAAE,MAAM,CAAC;IAEX,KAAK,EAAE,WAAW,CAAC;IAEnB,GAAG,EAAE,QAAQ,CAAC;IAEd,MAAM,CAAC,EAAE,WAAW,CAAC;IAErB,YAAY,EAAE,EAAC,MAAM,EAAE,KAAK,EAAE,WAAW,EAAE,GAAG,EAAE,QAAQ,EAAE,MAAM,CAAC,EAAC,WAAW;QAC3E,IAAI,CAAC,EAAE,GAAG,EAAE,CAAC;QACb,IAAI,CAAC,KAAK,GAAG,KAAK,CAAC;QACnB,IAAI,CAAC,GAAG,GAAG,GAAG,CAAC;QACf,IAAI,CAAC,MAAM,GAAG,MAAM,CAAC;IACvB,CAAC;CACF",
    "entry-package-info": "entry|1.0.0"
  },
  "entry|entry|1.0.0|src/main/ets/viewmodel/MainViewModel.ts": {
    "version": 3,
    "file": "MainViewModel.ets",
    "sourceRoot": "",
    "sources": [
      "entry/src/main/ets/viewmodel/MainViewModel.ets"
    ],
    "names": [],
    "mappings": "OAAO,QAAQ;AAEf,MAAM,OAAO,aAAa;IACxB,eAAe,IAAI,KAAK,CAAC,QAAQ,CAAC;QAChC,MAAM,YAAY,EAAE,QAAQ,EAAE,GAAG;;;;;SAKhC,CAAA;QACD,OAAO,YAAY,CAAC;IACtB,CAAC;IAED,gBAAgB,IAAI,KAAK,CAAC,QAAQ,CAAC;QACjC,MAAM,aAAa,EAAE,QAAQ,EAAE,GAAG;YAChC,IAAI,QAAQ,CAAC,CAAC,EAAE,MAAM,kHAAuB;YAC7C,IAAI,QAAQ,CAAC,CAAC,EAAE,MAAM,kHAAyB;YAC/C,IAAI,QAAQ,CAAC,CAAC,EAAE,IAAI,kHAA0B;YAC9C,IAAI,QAAQ,CAAC,CAAC,EAAE,KAAK,kHAA2B;YAChD,IAAI,QAAQ,CAAC,CAAC,EAAE,MAAM,kHAAyB;YAC/C,IAAI,QAAQ,CAAC,CAAC,EAAE,IAAI,kHAAyB;YAC7C,IAAI,QAAQ,CAAC,CAAC,EAAE,IAAI,kHAA2B;YAC/C,IAAI,QAAQ,CAAC,CAAC,EAAE,KAAK,kHAA0B;SAChD,CAAC;QACF,OAAO,aAAa,CAAC;IACvB,CAAC;IAED,iBAAiB,IAAI,KAAK,CAAC,KAAK,CAAC,QAAQ,CAAC,CAAC;QACzC,IAAI,eAAe,EAAE,QAAQ,EAAE,EAAE,GAAG;YAClC;gBACE,IAAI,QAAQ,CAAC,CAAC,EAAE,MAAM,mHAAwB,MAAM,CAAC;aACtD;YACD;gBACE,IAAI,QAAQ,CAAC,CAAC,EAAE,QAAQ,kHAAuB;gBAC/C,IAAI,QAAQ,CAAC,CAAC,EAAE,MAAM,kHAAuB;aAC9C;YACD;gBACE,IAAI,QAAQ,CAAC,CAAC,EAAE,MAAM,kHAA0B;gBAChD,IAAI,QAAQ,CAAC,CAAC,EAAE,MAAM,kHAAgC;aACvD;YACD;gBACE,IAAI,QAAQ,CAAC,CAAC,EAAE,IAAI,kHAAwB;aAC7C;SACF,CAAC;QACF,OAAO,eAAe,CAAC;IACzB,CAAC;CACF;AAED,eAAe,IAAI,aAAa,EAAE,CAAC",
    "entry-package-info": "entry|1.0.0"
  },
  "entry|entry|1.0.0|src/main/ets/pages/MainPage.ts": {
    "version": 3,
    "file": "MainPage.ets",
    "sourceRoot": "",
    "sources": [
      "entry/src/main/ets/pages/MainPage.ets"
    ],
    "names": [],
    "mappings": ";;;;IAWS,YAAY,GAAE,MAAM;IACnB,cAAc,GAAE,cAAc;;OAZjC,IAAI;OACJ,OAAO;AAGd,MAAM,UAAU,eAAe;;;;wCAC7B,QAAQ;;;;;;;;;;;;CACT;AAID,MAAM,OAAQ,QAAQ;IADtB;;;;;2DAEgC,CAAC;8BACU,IAAI,cAAc,EAAE;;;KAN9D;;;;;;;;;;;;;;;;;;;IAKC,iDAAqB,MAAM,EAAK;QAAzB,YAAY;;;QAAZ,YAAY,WAAE,MAAM;;;IAC3B,OAAO,iBAAiB,cAAc,CAAwB;IAG9D,UAAU,CAAC,KAAK,EAAE,WAAW,EAAE,KAAK,EAAE,MAAM,EAAE,WAAW,EAAE,QAAQ;;YACjE,MAAM;;YAAN,MAAM,CAaL,eAAe,CAAC,SAAS;YAb1B,MAAM,CAcL,cAAc,CAAC,SAAS,CAAC,MAAM;YAdhC,MAAM,CAeL,MAAM,CAAC,MAAM;YAfd,MAAM,CAgBL,OAAO,CAAC,GAAG,EAAE;gBACZ,IAAI,CAAC,YAAY,GAAG,KAAK,CAAC;gBAC1B,IAAI,CAAC,cAAc,CAAC,WAAW,CAAC,IAAI,CAAC,YAAY,CAAC,CAAC;YACrD,CAAC;;;YAlBC,WAAW,QAAC,WAAW;;YAAvB,WAAW,CACR,QAAQ,CAAC,MAAM;YADlB,WAAW,CAER,iBAAiB,CAAC,uBAAuB,CAAC,gBAAgB;YAF7D,WAAW,CAGR,YAAY,CAAC,IAAI,kBAAkB,CAAC,WAAW,CAAC,KAAK,EAAE,eAAe,CAAC,EAAE,CAAC,EACzE,IAAI,CAAC,YAAY,KAAK,KAAK,CAAC,CAAC,CAAC,IAAI,CAAC,CAAC,CAAC,KAAK;YAJ9C,WAAW,CAKR,SAAS,CAAC,IAAI,CAAC,YAAY,KAAK,KAAK,CAAC,CAAC,CAAC,CAAC,SAAS,CAAC,CAAC,CAAC,CAAC,CAAC,WAAW,CAAC;;;YACtE,IAAI,QAAC,KAAK;;YAAV,IAAI,CACD,MAAM,CAAC,EAAE,GAAG,EAAE,KAAK,EAAE;YADxB,IAAI,CAED,QAAQ,CAAC,EAAE;YAFd,IAAI,CAGD,UAAU,CAAC,GAAG;YAHjB,IAAI,CAID,SAAS,CAAC,IAAI,CAAC,YAAY,KAAK,KAAK,CAAC,CAAC,CAAC,SAAS,CAAC,CAAC,CAAC,WAAW;;QAJlE,IAAI;QAPN,MAAM;KAoBP;IACD;;YACE,MAAM;;YAAN,MAAM,CA2BL,KAAK,CAAC,MAAM;YA3Bb,MAAM,CA4BL,MAAM,CAAC,MAAM;YA5Bd,MAAM,CA6BL,eAAe,CAAC,SAAS;;;YA5BxB,IAAI,QAAC;gBACH,WAAW,EAAE,WAAW,CAAC,GAAG;gBAC5B,UAAU,EAAE,IAAI,CAAC,cAAc;aAChC;;YAHD,IAAI,CAiBH,MAAM,CAAC,EAAC,MAAM,EAAC,MAAM,EAAC;YAjBvB,IAAI,CAkBH,KAAK,CAAC,MAAM;YAlBb,IAAI,CAmBH,MAAM,CAAC,MAAM;YAnBd,IAAI,CAoBH,SAAS,CAAC,MAAM;YApBjB,IAAI,CAqBH,OAAO,CAAC,OAAO,CAAC,KAAK;YArBtB,IAAI,CAsBH,QAAQ,CAAC,CAAC,KAAK,EAAC,MAAM,EAAC,EAAE;gBACxB,IAAI,CAAC,YAAY,GAAG,KAAK,CAAC;YAC5B,CAAC;;;;;;;oDAnBG,IAAI;;;;;;;;;;;;;uBAEL,OAAO,CAAC,EAAE,IAAI,EAAE,MAAM,EAAE,KAAK,EAAE,MAAM,EAAE;uBACvC,eAAe,CAAC,SAAS;uBACzB,MAAM;oBAAC,IAAI,CAAC,UAAU,YAAC,IAAI,EAAE,CAAC;;;;;;;;;;oDAE7B,OAAO;;;;;;;;;;;;;uBAER,OAAO,CAAC,EAAE,IAAI,EAAE,MAAM,EAAE,KAAK,EAAE,MAAM,EAAE;uBACvC,eAAe,CAAC,SAAS;uBACzB,MAAM;oBAAC,IAAI,CAAC,UAAU,YAAC,IAAI,EAAE,CAAC;;;;;QAfjC,IAAI;QADN,MAAM;KA8BP",
    "entry-package-info": "entry|1.0.0"
  },
  "entry|entry|1.0.0|src/main/ets/views/Setting.ts": {
    "version": 3,
    "file": "Setting.ets",
    "sourceRoot": "",
    "sources": [
      "entry/src/main/ets/views/Setting.ets"
    ],
    "names": [],
    "mappings": ";;;;;YAAO,QAAQ,MAAM,uBAAuB;OACrC,aAAa;AAIpB,MAAM,CAAC,OAAO,OAAQ,OAAO;IAF7B;;;;;;;KAFuD;;;;;;;;;;;IAMrD,WAAW,CAAC,IAAI,EAAE,QAAQ;;YACxB,GAAG;;YAAH,GAAG,CAkBF,cAAc,CAAC,SAAS,CAAC,YAAY;YAlBtC,GAAG,CAmBF,KAAK,CAAC,MAAM;YAnBb,GAAG,CAoBF,OAAO,CAAC;gBACP,IAAI,EAAE,KAAK;gBACX,KAAK,EAAC,MAAM;aACb;;;YAtBC,GAAG;;;;YACD,KAAK,QAAC,IAAI,CAAC,GAAG;;YAAd,KAAK,CACF,MAAM,CAAC,MAAM;YADhB,KAAK,CAEF,MAAM,CAAC;gBACN,IAAI,EAAC,MAAM;gBACX,KAAK,EAAE,MAAM;aACd;;;YACH,IAAI,QAAC,IAAI,CAAC,KAAK;;;QAAf,IAAI;QAPN,GAAG;;;YASH,IAAG,CAAC,IAAI,CAAC,MAAM,EAAE;;;wBACf,KAAK;;wBAAL,KAAK,CACF,KAAK,CAAC,MAAM;wBADf,KAAK,CAEF,MAAM,CAAC,MAAM;;;aACjB;iBAAK;;;wBACJ,MAAM,QAAC,EAAC,IAAI,EAAC,UAAU,CAAC,MAAM,EAAC,IAAI,EAAE,KAAK,EAAC;;;oBAA3C,MAAM;;aACP;;;QAhBH,GAAG;KAwBJ;IACD;;YACE,MAAM;;YAAN,MAAM,CAiEL,eAAe,CAAC,SAAS;YAjE1B,MAAM,CAkEL,KAAK,CAAC,MAAM;YAlEb,MAAM,CAmEL,MAAM,CAAC,MAAM;;;YAlEZ,IAAI,QAAC,IAAI;;YAAT,IAAI,CACD,KAAK,CAAC,MAAM;YADf,IAAI,CAED,MAAM,CAAC;gBACN,GAAG,EAAE,MAAM;gBACX,MAAM,EAAC,MAAM;aACd;YALH,IAAI,CAMD,UAAU,CAAC,GAAG;YANjB,IAAI,CAOD,QAAQ,CAAC,MAAM;;QAPlB,IAAI;;YAQJ,GAAG;;YAAH,GAAG,CAcF,UAAU,CAAC,aAAa,CAAC,MAAM;YAdhC,GAAG,CAeF,KAAK,CAAC,MAAM;;;YAdX,KAAK;;YAAL,KAAK,CACF,KAAK,CAAC,MAAM;YADf,KAAK,CAEF,MAAM,CAAC,MAAM;;;YAChB,MAAM;;YAAN,MAAM,CAOL,UAAU,CAAC,eAAe,CAAC,KAAK;YAPjC,MAAM,CAQL,MAAM,CAAC,EAAC,IAAI,EAAC,MAAM,EAAC;;;YAPnB,IAAI,QAAC,KAAK;;YAAV,IAAI,CACD,QAAQ,CAAC,MAAM;;QADlB,IAAI;;YAEJ,IAAI,QAAC,cAAc;;YAAnB,IAAI,CACD,QAAQ,CAAC,MAAM;YADlB,IAAI,CAED,MAAM,CAAC,EAAC,GAAG,EAAC,KAAK,EAAC;;QAFrB,IAAI;QAHN,MAAM;QAJR,GAAG;;YAgBH,IAAI;;YAAJ,IAAI,CAwBH,SAAS,CAAC,QAAQ,CAAC,GAAG;YAxBvB,IAAI,CAyBH,KAAK,CAAC,MAAM;YAzBb,IAAI,CA0BH,OAAO,CAAC;gBACP,GAAG,EAAE,KAAK;gBACV,MAAM,EAAE,KAAK;aACd;;;YA5BC,OAAO;;;;oBACL,aAAa;;oBAAb,aAAa,CAQZ,OAAO,CAAC;wBACP,WAAW,EAAE,KAAK;wBAClB,KAAK,EAAE,WAAW;wBAClB,WAAW,EAAE,MAAM;wBACnB,SAAS,EAAE,MAAM;qBAClB;oBAbD,aAAa,CAcZ,eAAe,CAAC,SAAS;oBAd1B,aAAa,CAeZ,YAAY,CAAC,MAAM;oBAfpB,aAAa,CAgBZ,MAAM,CAAC;wBACN,GAAG,EAAE,KAAK;wBACV,MAAM,EAAE,KAAK;qBACd;;;oBAlBC,OAAO;;;;;;;;oCACL,QAAQ;;;;;;gCAAR,QAAQ,CAGP,MAAM,CAAC,MAAM;;;;;gCAFZ,IAAI,CAAC,WAAW,YAAC,IAAI,CAAC;gCADxB,QAAQ;;;4BAAR,QAAQ;;;uDADF,IAAI;;gBAAZ,OAAO;gBADT,aAAa;;+CADP,aAAa,CAAC,iBAAiB,EAAE,0BAqBvC,CAAC,IAAI,EAAE,QAAQ,EAAE,EAAE,CAAC,IAAI,CAAC,SAAS,CAAC,IAAI,CAAC;;QArB1C,OAAO;QADT,IAAI;;YA8BJ,KAAK;;;QAAL,KAAK;;YACL,MAAM,iBAAC,MAAM,EAAE,EAAE,IAAI,EAAE,UAAU,CAAC,OAAO,EAAE;;YAA3C,MAAM,CACH,KAAK,CAAC,KAAK;YADd,MAAM,CAEH,MAAM,CAAC,MAAM;YAFhB,MAAM,CAGH,QAAQ,CAAC,MAAM;YAHlB,MAAM,CAIH,SAAS,CAAC,SAAS;YAJtB,MAAM,CAKH,UAAU,CAAC,UAAU,CAAC,MAAM;YAL/B,MAAM,CAMH,eAAe,CAAC,SAAS;YAN5B,MAAM,CAOH,MAAM,CAAC,EAAE,MAAM,EAAE,MAAM,EAAE;;QAP5B,MAAM;QAxDR,MAAM;KAoEP",
    "entry-package-info": "entry|1.0.0"
  },
  "entry|entry|1.0.0|src/main/ets/common/network/HttpUtils.ts": {
    "version": 3,
    "file": "HttpUtils.ets",
    "sourceRoot": "",
    "sources": [
      "entry/src/main/ets/common/network/HttpUtils.ets"
    ],
    "names": [],
    "mappings": ";;;;YAGO,YAAY,MAAM,2CAA2C;YAC7D,QAAQ,MAAM,uCAAuC;AAE5D,MAAM,GAAG,EAAE,MAAM,GAAG,WAAW,CAAC;AAEhC,MAAM,MAAM;IACV,WAAW,EAAE,MAAM,CAAC;IAEpB,YAAY,WAAW,EAAE,MAAM;QAC7B,IAAI,CAAC,WAAW,GAAG,WAAW,CAAC;IACjC,CAAC;CACF;AAED,MAAM,OAAO,SAAS;IACpB,WAAW,EAAE,IAAI,CAAC,WAAW,CAAC;IAE9B;QACE,IAAI,CAAC,WAAW,GAAG,IAAI,CAAC,UAAU,EAAE,CAAC;IACvC,CAAC;IAED,KAAK,CAAC,cAAc,CAAC,QAAQ,EAAE,MAAM,GAAG,OAAO,CAAC,MAAM,CAAC;QACrD,IAAI,SAAS,EAAE,MAAM,GAAG,EAAE,CAAC;QAC3B,MAAM,GAAG,EAAE,MAAM,GACf,sHAAsH,CAAC;QACzH,MAAM,GAAG,EAAE,IAAI,CAAC,YAAY,GAAG,MAAM,IAAI,CAAC,WAAW,CAAC,OAAO,CAAC,GAAG,EAAE,EAAE,MAAM,EAAE,IAAI,CAAC,aAAa,CAAC,GAAG,EAAE,CAAC,CAAC;QACvG,IAAI,QAAQ,GAAG,GAAG,QAAQ,WAAW,CAAC;QACtC,IAAI,IAAI,GAAG,MAAM,CAAC,QAAQ,CAAC,QAAQ,EAAE,MAAM,CAAC,QAAQ,CAAC,MAAM,GAAG,MAAM,CAAC,QAAQ,CAAC,UAAU,CAAC,CAAC;QAC1F,SAAS,GAAG,OAAO,CAAC,cAAc,CAAC,QAAQ,CAAC,CAAC;QAC7C,MAAM,CAAC,SAAS,CAAC,IAAI,CAAC,EAAE,EAAE,GAAG,CAAC,MAAM,IAAI,WAAW,CAAC,CAAC;QACrD,MAAM,CAAC,SAAS,CAAC,IAAI,CAAC,EAAE,CAAC,CAAC;QAC1B,OAAO,SAAS,CAAC;IACnB,CAAC;IAED,KAAK,CAAC,eAAe,IAAI,OAAO,CAAC,QAAQ,EAAE,CAAC;QAC1C,IAAI,YAAY,EAAE,KAAK,CAAC,QAAQ,CAAC,GAAG,EAAE,CAAC;QACvC,MAAM,IAAI,CAAC,WAAW,CAAC,OAAO,CAAC,kEAAkE;YAC/F,uEAAuE,EACvE;YACE,MAAM,EAAE,IAAI,CAAC,aAAa,CAAC,IAAI,EAAE,SAAS,EAAE;gBAC5C,QAAQ,EAAE,GAAG;gBACb,QAAQ,EAAE,GAAG;gBACb,UAAU,EAAE,IAAI;gBAChB,SAAS,EAAE,CAAC;gBACZ,gBAAgB,EAAE,CAAC,CAAC,EAAE,CAAC,CAAC;gBACxB,OAAO,EAAE,CAAC;gBACV,WAAW,EAAE,CAAC;gBACd,MAAM,EAAE,SAAS;aAClB;YACC,MAAM,EAAE,IAAI,MAAM,CAAC,gCAAgC,CAAC;SACrD,CAAC,CAAC,IAAI,CAAC,CAAC,IAAI,EAAE,IAAI,CAAC,YAAY,EAAE,EAAE;YACpC,IAAI,MAAM,EAAE,YAAY,GAAG,IAAI,CAAC,KAAK,CAAC,IAAI,CAAC,MAAM,IAAI,MAAM,CAAC,CAAC;YAC7D,YAAY,GAAG,MAAM,CAAC,KAAK,CAAC,IAAI,CAAC;QACnC,CAAC,CAAC,CAAC,KAAK,CAAC,CAAC,GAAG,EAAE,KAAK,EAAE,EAAE;YACtB,KAAK,CAAC,IAAI,CAAC,MAAM,EAAE,GAAG,EAAE,IAAI,CAAC,SAAS,CAAC,GAAG,CAAC,CAAC,CAAC;QAC/C,CAAC,CAAC,CAAC;QACH,OAAO,YAAY,CAAC;IACtB,CAAC;IAED,kBAAkB;QAChB,IAAI,CAAC,WAAW,CAAC,OAAO,EAAE,CAAC;IAC7B,CAAC;CACF",
    "entry-package-info": "entry|1.0.0"
  }
}