{"D:\\HarmonyOsDemo\\MyApp\\AppScope\\app.json5":{"hashValue":"1e2eecd1b1bb36d617459c0dc20b9630","name":"app.json5","path":"D:\\HarmonyOsDemo\\MyApp\\AppScope\\app.json5","type":"file","isSymbolicLink":false,"fileMetaData":{"size":220,"lastModifiedTime":1742884247216}},"D:\\HarmonyOsDemo\\MyApp\\entry\\src\\main\\module.json5":{"hashValue":"4536a281b8ba1042273e2d9dc574c9d4","name":"module.json5","path":"D:\\HarmonyOsDemo\\MyApp\\entry\\src\\main\\module.json5","type":"file","isSymbolicLink":false,"fileMetaData":{"size":1554,"lastModifiedTime":1745207404280}},"D:\\HarmonyOsDemo\\MyApp\\build-profile.json5":{"hashValue":"d1538b78c41da245337eb0466bc51aad","name":"build-profile.json5","path":"D:\\HarmonyOsDemo\\MyApp\\build-profile.json5","type":"file","isSymbolicLink":false,"fileMetaData":{"size":756,"lastModifiedTime":1742884247282}},"D:\\HarmonyOsDemo\\MyApp\\entry\\build-profile.json5":{"hashValue":"bf247007dc256586ec08e34ebfc174da","name":"build-profile.json5","path":"D:\\HarmonyOsDemo\\MyApp\\entry\\build-profile.json5","type":"file","isSymbolicLink":false,"fileMetaData":{"size":449,"lastModifiedTime":1742884247202}},"D:\\HarmonyOsDemo\\MyApp\\entry\\src\\main\\resources\\base\\profile\\main_pages.json":{"hashValue":"57a4a8789915d4b5ca310b935d0567c8","name":"main_pages.json","path":"D:\\HarmonyOsDemo\\MyApp\\entry\\src\\main\\resources\\base\\profile\\main_pages.json","type":"file","isSymbolicLink":false,"fileMetaData":{"size":40,"lastModifiedTime":1744889874405}},"D:\\HarmonyOsDemo\\MyApp\\hvigor\\hvigor-config.json5":{"hashValue":"ad80b620bc51a0b3c16037377f1f07f0","name":"hvigor-config.json5","path":"D:\\HarmonyOsDemo\\MyApp\\hvigor\\hvigor-config.json5","type":"file","isSymbolicLink":false,"fileMetaData":{"size":1323,"lastModifiedTime":1742884241816}},"D:\\HarmonyOsDemo\\MyApp\\entry\\src\\mock\\mock-config.json5":{"hashValue":"eaa116b6ee4c1136313efa98471e6a64","name":"mock-config.json5","path":"D:\\HarmonyOsDemo\\MyApp\\entry\\src\\mock\\mock-config.json5","type":"file","isSymbolicLink":false,"fileMetaData":{"size":3,"lastModifiedTime":1742884242292}},"D:\\HarmonyOsDemo\\MyApp\\entry\\oh-package.json5":{"hashValue":"c51b06ebf98703786ce24dd2a3c0adfb","name":"oh-package.json5","path":"D:\\HarmonyOsDemo\\MyApp\\entry\\oh-package.json5","type":"file","isSymbolicLink":false,"fileMetaData":{"size":183,"lastModifiedTime":1742884242010}},"D:\\HarmonyOsDemo\\MyApp\\oh-package.json5":{"hashValue":"887ff9a2ff0d4be489b42c82d6a350ce","name":"oh-package.json5","path":"D:\\HarmonyOsDemo\\MyApp\\oh-package.json5","type":"file","isSymbolicLink":false,"fileMetaData":{"size":210,"lastModifiedTime":1742884247230}},"D:\\HarmonyOsDemo\\MyApp\\entry\\.preview\\default\\intermediates\\merge_profile\\default\\module.json":{"hashValue":"46ec105d732fa78c456d3eefca20729e","name":"module.json","path":"D:\\HarmonyOsDemo\\MyApp\\entry\\.preview\\default\\intermediates\\merge_profile\\default\\module.json","type":"file","isSymbolicLink":false,"fileMetaData":{"size":1752,"lastModifiedTime":1745222526539}},"D:\\HarmonyOsDemo\\MyApp\\entry\\.preview\\default\\generated\\profile\\default\\BuildProfile.ets":{"hashValue":"115161a0db712d8a3c9745f07f3fc61c","name":"BuildProfile.ets","path":"D:\\HarmonyOsDemo\\MyApp\\entry\\.preview\\default\\generated\\profile\\default\\BuildProfile.ets","type":"file","isSymbolicLink":false,"fileMetaData":{"size":868,"lastModifiedTime":1742885603052}},"D:\\HarmonyOsDemo\\MyApp\\entry\\.preview\\default\\intermediates\\loader\\default\\pkgContextInfo.json":{"hashValue":"f98234d8cc8801a4daddb4364f86a131","name":"pkgContextInfo.json","path":"D:\\HarmonyOsDemo\\MyApp\\entry\\.preview\\default\\intermediates\\loader\\default\\pkgContextInfo.json","type":"file","isSymbolicLink":false,"fileMetaData":{"size":444,"lastModifiedTime":1742885603112}},"D:\\HarmonyOsDemo\\MyApp\\entry\\.preview\\default\\intermediates\\process_profile\\default\\module.json":{"hashValue":"1aabd6305d42099bd9b66446a5352d91","name":"module.json","path":"D:\\HarmonyOsDemo\\MyApp\\entry\\.preview\\default\\intermediates\\process_profile\\default\\module.json","type":"file","isSymbolicLink":false,"fileMetaData":{"size":1838,"lastModifiedTime":1745222528712}},"D:\\HarmonyOsDemo\\MyApp\\entry\\.preview\\default\\intermediates\\router_map\\default\\temp-router-map.json":{"hashValue":"bba652d660f8eafca8899fc49e29a7ba","name":"temp-router-map.json","path":"D:\\HarmonyOsDemo\\MyApp\\entry\\.preview\\default\\intermediates\\router_map\\default\\temp-router-map.json","type":"file","isSymbolicLink":false,"fileMetaData":{"size":16,"lastModifiedTime":1742885604351}},"D:\\HarmonyOsDemo\\MyApp\\entry\\.preview\\default\\intermediates\\router_map\\default\\loader-router-map.json":{"hashValue":"fc597492cdc1284245c99e24f5638dd2","name":"loader-router-map.json","path":"D:\\HarmonyOsDemo\\MyApp\\entry\\.preview\\default\\intermediates\\router_map\\default\\loader-router-map.json","type":"file","isSymbolicLink":false,"fileMetaData":{"size":219,"lastModifiedTime":1745222528832}},"D:\\HarmonyOsDemo\\MyApp\\entry\\.preview\\default\\intermediates\\loader\\default\\loader.json":{"hashValue":"d4929e4619a169f73bfaa0c40752bfb7","name":"loader.json","path":"D:\\HarmonyOsDemo\\MyApp\\entry\\.preview\\default\\intermediates\\loader\\default\\loader.json","type":"file","isSymbolicLink":false,"fileMetaData":{"size":1117,"lastModifiedTime":1745222529152}},"D:\\HarmonyOsDemo\\MyApp\\entry\\src\\main\\resources":{"hashValue":"1b49d60973c0088432adb0cb5e767b5a","name":"resources","path":"D:\\HarmonyOsDemo\\MyApp\\entry\\src\\main\\resources","type":"directory","isSymbolicLink":false,"children":[{"hashValue":"bde2b801f18fbecd22052445a98b45d1","name":"base","path":"D:\\HarmonyOsDemo\\MyApp\\entry\\src\\main\\resources\\base","type":"directory","isSymbolicLink":false,"children":[{"hashValue":"47af6bbb621d5b74daa16787495fe0f5","name":"element","path":"D:\\HarmonyOsDemo\\MyApp\\entry\\src\\main\\resources\\base\\element","type":"directory","isSymbolicLink":false,"children":[{"hashValue":"f2c4a0e055f6b2fbc7162e50e95c05e9","name":"color.json","path":"D:\\HarmonyOsDemo\\MyApp\\entry\\src\\main\\resources\\base\\element\\color.json","type":"file","isSymbolicLink":false,"fileMetaData":{"size":105,"lastModifiedTime":1742884242346}},{"hashValue":"b1ca05ce80c36e9fe0012172b57a8b0f","name":"float.json","path":"D:\\HarmonyOsDemo\\MyApp\\entry\\src\\main\\resources\\base\\element\\float.json","type":"file","isSymbolicLink":false,"fileMetaData":{"size":98,"lastModifiedTime":1744287961647}},{"hashValue":"764b8b1beb8e6680bdaad5c052f951fb","name":"string.json","path":"D:\\HarmonyOsDemo\\MyApp\\entry\\src\\main\\resources\\base\\element\\string.json","type":"file","isSymbolicLink":false,"fileMetaData":{"size":247,"lastModifiedTime":1742884247254}}]},{"hashValue":"abf2975cba0a0e8070e562b8c8735eaf","name":"media","path":"D:\\HarmonyOsDemo\\MyApp\\entry\\src\\main\\resources\\base\\media","type":"directory","isSymbolicLink":false,"children":[{"hashValue":"254a562f432785bb3bda62215d39a8c0","name":"about.png","path":"D:\\HarmonyOsDemo\\MyApp\\entry\\src\\main\\resources\\base\\media\\about.png","type":"file","isSymbolicLink":false,"fileMetaData":{"size":785,"lastModifiedTime":1727146153271}},{"hashValue":"969d37d1cf0bdc4a03ceb7ea8169d021","name":"account.png","path":"D:\\HarmonyOsDemo\\MyApp\\entry\\src\\main\\resources\\base\\media\\account.png","type":"file","isSymbolicLink":false,"fileMetaData":{"size":9024,"lastModifiedTime":1727145071442}},{"hashValue":"acb8fbbd6d9aa2599f0ae08e069cf944","name":"background.png","path":"D:\\HarmonyOsDemo\\MyApp\\entry\\src\\main\\resources\\base\\media\\background.png","type":"file","isSymbolicLink":false,"fileMetaData":{"size":91942,"lastModifiedTime":1742884242391}},{"hashValue":"93f1c10cee5994a2e7f2831eaf905ee4","name":"backgroundImage.png","path":"D:\\HarmonyOsDemo\\MyApp\\entry\\src\\main\\resources\\base\\media\\backgroundImage.png","type":"file","isSymbolicLink":false,"fileMetaData":{"size":1257,"lastModifiedTime":1729214252000}},{"hashValue":"0e3d2a302e4e173a0780d97d74a576d8","name":"circle.svg","path":"D:\\HarmonyOsDemo\\MyApp\\entry\\src\\main\\resources\\base\\media\\circle.svg","type":"file","isSymbolicLink":false,"fileMetaData":{"size":2491,"lastModifiedTime":1729217468220}},{"hashValue":"062c4e124b935ed5f2690e7d4164eac7","name":"data.png","path":"D:\\HarmonyOsDemo\\MyApp\\entry\\src\\main\\resources\\base\\media\\data.png","type":"file","isSymbolicLink":false,"fileMetaData":{"size":452,"lastModifiedTime":1727146137284}},{"hashValue":"c04ba24d822b416c3656321a0adfeb38","name":"delete.png","path":"D:\\HarmonyOsDemo\\MyApp\\entry\\src\\main\\resources\\base\\media\\delete.png","type":"file","isSymbolicLink":false,"fileMetaData":{"size":631,"lastModifiedTime":1726281740031}},{"hashValue":"6e31ad3ead1ffa624535f79f2eb81ebe","name":"edit.png","path":"D:\\HarmonyOsDemo\\MyApp\\entry\\src\\main\\resources\\base\\media\\edit.png","type":"file","isSymbolicLink":false,"fileMetaData":{"size":682,"lastModifiedTime":1726281745903}},{"hashValue":"84a6ad79b5aea19002cd26731f6e8b86","name":"favorite.svg","path":"D:\\HarmonyOsDemo\\MyApp\\entry\\src\\main\\resources\\base\\media\\favorite.svg","type":"file","isSymbolicLink":false,"fileMetaData":{"size":3909,"lastModifiedTime":1729217484393}},{"hashValue":"fc3e4a120709701795e32df82c2cc7a2","name":"fig1.png","path":"D:\\HarmonyOsDemo\\MyApp\\entry\\src\\main\\resources\\base\\media\\fig1.png","type":"file","isSymbolicLink":false,"fileMetaData":{"size":1247908,"lastModifiedTime":1718276604000}},{"hashValue":"f55cb10b859e92c03d140b5b8c42f8cb","name":"fig2.png","path":"D:\\HarmonyOsDemo\\MyApp\\entry\\src\\main\\resources\\base\\media\\fig2.png","type":"file","isSymbolicLink":false,"fileMetaData":{"size":1211524,"lastModifiedTime":1718276604000}},{"hashValue":"7b8c3793b6fc398b415878130b72261b","name":"fig3.png","path":"D:\\HarmonyOsDemo\\MyApp\\entry\\src\\main\\resources\\base\\media\\fig3.png","type":"file","isSymbolicLink":false,"fileMetaData":{"size":779906,"lastModifiedTime":1718276604000}},{"hashValue":"7250735e65478b1485990072ee9ff036","name":"fig4.png","path":"D:\\HarmonyOsDemo\\MyApp\\entry\\src\\main\\resources\\base\\media\\fig4.png","type":"file","isSymbolicLink":false,"fileMetaData":{"size":1092785,"lastModifiedTime":1718276604000}},{"hashValue":"cc469b5fc177c773706a81155a43c59b","name":"foreground.png","path":"D:\\HarmonyOsDemo\\MyApp\\entry\\src\\main\\resources\\base\\media\\foreground.png","type":"file","isSymbolicLink":false,"fileMetaData":{"size":8805,"lastModifiedTime":1742884242404}},{"hashValue":"94b996d7c75591fc29194c5a6141fad0","name":"icon.png","path":"D:\\HarmonyOsDemo\\MyApp\\entry\\src\\main\\resources\\base\\media\\icon.png","type":"file","isSymbolicLink":false,"fileMetaData":{"size":6790,"lastModifiedTime":1718276604000}},{"hashValue":"c39600f5cc001b722819902b0c221e88","name":"layered_image.json","path":"D:\\HarmonyOsDemo\\MyApp\\entry\\src\\main\\resources\\base\\media\\layered_image.json","type":"file","isSymbolicLink":false,"fileMetaData":{"size":109,"lastModifiedTime":1742884242421}},{"hashValue":"e82a0943dcb3067172546b85be86fed5","name":"login_method1.png","path":"D:\\HarmonyOsDemo\\MyApp\\entry\\src\\main\\resources\\base\\media\\login_method1.png","type":"file","isSymbolicLink":false,"fileMetaData":{"size":12179,"lastModifiedTime":1718276604000}},{"hashValue":"0c9f9a76e319a508c0c48e0a87ed6f3e","name":"login_method2.png","path":"D:\\HarmonyOsDemo\\MyApp\\entry\\src\\main\\resources\\base\\media\\login_method2.png","type":"file","isSymbolicLink":false,"fileMetaData":{"size":12271,"lastModifiedTime":1718276604000}},{"hashValue":"16fe8d90142dbbf12f240399eab1daef","name":"login_method3.png","path":"D:\\HarmonyOsDemo\\MyApp\\entry\\src\\main\\resources\\base\\media\\login_method3.png","type":"file","isSymbolicLink":false,"fileMetaData":{"size":12304,"lastModifiedTime":1718276604000}},{"hashValue":"eb3e7f324a262c12759eaf661702f514","name":"logo.png","path":"D:\\HarmonyOsDemo\\MyApp\\entry\\src\\main\\resources\\base\\media\\logo.png","type":"file","isSymbolicLink":false,"fileMetaData":{"size":77558,"lastModifiedTime":1729215779178}},{"hashValue":"98d1ccdb410f41f20ded01e1c1f6ce4b","name":"love.svg","path":"D:\\HarmonyOsDemo\\MyApp\\entry\\src\\main\\resources\\base\\media\\love.svg","type":"file","isSymbolicLink":false,"fileMetaData":{"size":1753,"lastModifiedTime":1729217409939}},{"hashValue":"278d4a0eea9fca963306832aa8ca90a1","name":"menu.png","path":"D:\\HarmonyOsDemo\\MyApp\\entry\\src\\main\\resources\\base\\media\\menu.png","type":"file","isSymbolicLink":false,"fileMetaData":{"size":933,"lastModifiedTime":1727146144679}},{"hashValue":"96eca7a49018857978aca428f8bad1f2","name":"message.svg","path":"D:\\HarmonyOsDemo\\MyApp\\entry\\src\\main\\resources\\base\\media\\message.svg","type":"file","isSymbolicLink":false,"fileMetaData":{"size":2311,"lastModifiedTime":1729217448752}},{"hashValue":"1d688e98f88079406e7a8480360ab2cc","name":"news.png","path":"D:\\HarmonyOsDemo\\MyApp\\entry\\src\\main\\resources\\base\\media\\news.png","type":"file","isSymbolicLink":false,"fileMetaData":{"size":612,"lastModifiedTime":1727146125197}},{"hashValue":"dadd350417b3b863d2330a1cdd739f66","name":"path.svg","path":"D:\\HarmonyOsDemo\\MyApp\\entry\\src\\main\\resources\\base\\media\\path.svg","type":"file","isSymbolicLink":false,"fileMetaData":{"size":1475,"lastModifiedTime":1726279846940}},{"hashValue":"02decce6c00a384b03b5316a2b40af9c","name":"person_shield.png","path":"D:\\HarmonyOsDemo\\MyApp\\entry\\src\\main\\resources\\base\\media\\person_shield.png","type":"file","isSymbolicLink":false,"fileMetaData":{"size":823,"lastModifiedTime":1729131151640}},{"hashValue":"5180ab59415f7740f3621e078387f1fa","name":"record.svg","path":"D:\\HarmonyOsDemo\\MyApp\\entry\\src\\main\\resources\\base\\media\\record.svg","type":"file","isSymbolicLink":false,"fileMetaData":{"size":3553,"lastModifiedTime":1729217448769}},{"hashValue":"f109c9cdce36f5acd4ca9a88ecaef92d","name":"recycle.svg","path":"D:\\HarmonyOsDemo\\MyApp\\entry\\src\\main\\resources\\base\\media\\recycle.svg","type":"file","isSymbolicLink":false,"fileMetaData":{"size":2416,"lastModifiedTime":1729217484384}},{"hashValue":"fd5b7f575fae7b334fe4b9bc3ffb00b4","name":"reset.png","path":"D:\\HarmonyOsDemo\\MyApp\\entry\\src\\main\\resources\\base\\media\\reset.png","type":"file","isSymbolicLink":false,"fileMetaData":{"size":659,"lastModifiedTime":1726281726136}},{"hashValue":"f94bdc7c5f2da978681c3bb57cd2d81e","name":"right_grey.png","path":"D:\\HarmonyOsDemo\\MyApp\\entry\\src\\main\\resources\\base\\media\\right_grey.png","type":"file","isSymbolicLink":false,"fileMetaData":{"size":619,"lastModifiedTime":1718276604000}},{"hashValue":"1d3adb907e6f8e35fe66c5d21a9e6405","name":"shopping.svg","path":"D:\\HarmonyOsDemo\\MyApp\\entry\\src\\main\\resources\\base\\media\\shopping.svg","type":"file","isSymbolicLink":false,"fileMetaData":{"size":3781,"lastModifiedTime":1729217448761}},{"hashValue":"07b77fb9d03d03bd2bac412777fab36a","name":"sift.png","path":"D:\\HarmonyOsDemo\\MyApp\\entry\\src\\main\\resources\\base\\media\\sift.png","type":"file","isSymbolicLink":false,"fileMetaData":{"size":606,"lastModifiedTime":1726281733565}},{"hashValue":"367995f2115781d0598743c93ce54b8d","name":"startIcon.png","path":"D:\\HarmonyOsDemo\\MyApp\\entry\\src\\main\\resources\\base\\media\\startIcon.png","type":"file","isSymbolicLink":false,"fileMetaData":{"size":20093,"lastModifiedTime":1742884242447}},{"hashValue":"50ce9ffec462b6beb23c7fe6a7030694","name":"storage.png","path":"D:\\HarmonyOsDemo\\MyApp\\entry\\src\\main\\resources\\base\\media\\storage.png","type":"file","isSymbolicLink":false,"fileMetaData":{"size":521,"lastModifiedTime":1727146161130}},{"hashValue":"268cb0984b093938efa209bbfbb61dfc","name":"target.svg","path":"D:\\HarmonyOsDemo\\MyApp\\entry\\src\\main\\resources\\base\\media\\target.svg","type":"file","isSymbolicLink":false,"fileMetaData":{"size":4347,"lastModifiedTime":1729217468213}}]},{"hashValue":"c8d849c2741f80745ae206285698e741","name":"profile","path":"D:\\HarmonyOsDemo\\MyApp\\entry\\src\\main\\resources\\base\\profile","type":"directory","isSymbolicLink":false,"children":[{"hashValue":"91f2f3e0d54eff30e9ce166a80be3789","name":"backup_config.json","path":"D:\\HarmonyOsDemo\\MyApp\\entry\\src\\main\\resources\\base\\profile\\backup_config.json","type":"file","isSymbolicLink":false,"fileMetaData":{"size":36,"lastModifiedTime":1742884242619}},{"hashValue":"57a4a8789915d4b5ca310b935d0567c8","name":"main_pages.json","path":"D:\\HarmonyOsDemo\\MyApp\\entry\\src\\main\\resources\\base\\profile\\main_pages.json","type":"file","isSymbolicLink":false,"fileMetaData":{"size":40,"lastModifiedTime":1744889874405}},{"hashValue":"97122e831c6d049708b4f80cadac8509","name":"route_map.json","path":"D:\\HarmonyOsDemo\\MyApp\\entry\\src\\main\\resources\\base\\profile\\route_map.json","type":"file","isSymbolicLink":false,"fileMetaData":{"size":240,"lastModifiedTime":1744890248508}}]}]},{"hashValue":"96510c135167a3768a6ae4ecdaae35cc","name":"dark","path":"D:\\HarmonyOsDemo\\MyApp\\entry\\src\\main\\resources\\dark","type":"directory","isSymbolicLink":false,"children":[{"hashValue":"7e10c527f8847ecd5eb5c6b088c3816d","name":"element","path":"D:\\HarmonyOsDemo\\MyApp\\entry\\src\\main\\resources\\dark\\element","type":"directory","isSymbolicLink":false,"children":[{"hashValue":"745071b5faf87625d9722dcbb46e8eea","name":"color.json","path":"D:\\HarmonyOsDemo\\MyApp\\entry\\src\\main\\resources\\dark\\element\\color.json","type":"file","isSymbolicLink":false,"fileMetaData":{"size":105,"lastModifiedTime":1742884242558}}]}]},{"hashValue":"","name":"rawfile","path":"D:\\HarmonyOsDemo\\MyApp\\entry\\src\\main\\resources\\rawfile","type":"directory","isSymbolicLink":false,"children":[]}]},"D:\\HarmonyOsDemo\\MyApp\\entry\\.preview\\default\\intermediates\\res\\default":{"hashValue":"864fa6985f6d001815b2aa8c0e5ae3db","name":"default","path":"D:\\HarmonyOsDemo\\MyApp\\entry\\.preview\\default\\intermediates\\res\\default","type":"directory","isSymbolicLink":false,"children":[{"hashValue":"0863fc548cb96eeaedf09a009f41134b","name":"app_compiled","path":"D:\\HarmonyOsDemo\\MyApp\\entry\\.preview\\default\\intermediates\\res\\default\\app_compiled","type":"directory","isSymbolicLink":false,"children":[{"hashValue":"2c63307fa7f212b35162cba03a922acb","name":"18076853253995829225","path":"D:\\HarmonyOsDemo\\MyApp\\entry\\.preview\\default\\intermediates\\res\\default\\app_compiled\\18076853253995829225","type":"file","isSymbolicLink":false,"fileMetaData":{"size":170,"lastModifiedTime":1745371821919}},{"hashValue":"4ce9486b39db4836d03444d453120489","name":"3413376995363577194","path":"D:\\HarmonyOsDemo\\MyApp\\entry\\.preview\\default\\intermediates\\res\\default\\app_compiled\\3413376995363577194","type":"file","isSymbolicLink":false,"fileMetaData":{"size":115,"lastModifiedTime":1745371821918}}]},{"hashValue":"aece2d6f89e594c1e9ed4a936e01c258","name":"ids_map","path":"D:\\HarmonyOsDemo\\MyApp\\entry\\.preview\\default\\intermediates\\res\\default\\ids_map","type":"directory","isSymbolicLink":false,"children":[{"hashValue":"ff8fcc0e100d5e445a5cd2ebbdd96342","name":"id_defined.json","path":"D:\\HarmonyOsDemo\\MyApp\\entry\\.preview\\default\\intermediates\\res\\default\\ids_map\\id_defined.json","type":"file","isSymbolicLink":false,"fileMetaData":{"size":3290,"lastModifiedTime":1745371822424}}]},{"hashValue":"b144f91b6ed88e68a96653738f894ae5","name":"mock-config.json","path":"D:\\HarmonyOsDemo\\MyApp\\entry\\.preview\\default\\intermediates\\res\\default\\mock-config.json","type":"file","isSymbolicLink":false,"fileMetaData":{"size":2,"lastModifiedTime":1742885630233}},{"hashValue":"d441c285e041cbbd3684f6094f67af17","name":"module_compiled","path":"D:\\HarmonyOsDemo\\MyApp\\entry\\.preview\\default\\intermediates\\res\\default\\module_compiled","type":"directory","isSymbolicLink":false,"children":[{"hashValue":"83e109f462d2fccc752c878d15d7d749","name":"125792646634276671","path":"D:\\HarmonyOsDemo\\MyApp\\entry\\.preview\\default\\intermediates\\res\\default\\module_compiled\\125792646634276671","type":"file","isSymbolicLink":false,"fileMetaData":{"size":176,"lastModifiedTime":1745371822122}},{"hashValue":"efcea6a28ce8c5ed5325f0779a26203b","name":"1291223671669656096","path":"D:\\HarmonyOsDemo\\MyApp\\entry\\.preview\\default\\intermediates\\res\\default\\module_compiled\\1291223671669656096","type":"file","isSymbolicLink":false,"fileMetaData":{"size":197,"lastModifiedTime":1745371822106}},{"hashValue":"3866354e9f82ff68fb7f3e047778a311","name":"14092493962623328871","path":"D:\\HarmonyOsDemo\\MyApp\\entry\\.preview\\default\\intermediates\\res\\default\\module_compiled\\14092493962623328871","type":"file","isSymbolicLink":false,"fileMetaData":{"size":170,"lastModifiedTime":1745371822101}},{"hashValue":"a099bdf8c02731a7701213e8daeff9aa","name":"14279643464519935713","path":"D:\\HarmonyOsDemo\\MyApp\\entry\\.preview\\default\\intermediates\\res\\default\\module_compiled\\14279643464519935713","type":"file","isSymbolicLink":false,"fileMetaData":{"size":197,"lastModifiedTime":1745371822107}},{"hashValue":"b6a2f17c3275416cd6d432a72b480a6b","name":"15045198411458629042","path":"D:\\HarmonyOsDemo\\MyApp\\entry\\.preview\\default\\intermediates\\res\\default\\module_compiled\\15045198411458629042","type":"file","isSymbolicLink":false,"fileMetaData":{"size":173,"lastModifiedTime":1745371822116}},{"hashValue":"3378569c77fd3154b1b6a19ed027f028","name":"16088353110590046071","path":"D:\\HarmonyOsDemo\\MyApp\\entry\\.preview\\default\\intermediates\\res\\default\\module_compiled\\16088353110590046071","type":"file","isSymbolicLink":false,"fileMetaData":{"size":176,"lastModifiedTime":1745371822093}},{"hashValue":"b2725ad1b0f56bd858d01c78b1963dd9","name":"16383097798133550713","path":"D:\\HarmonyOsDemo\\MyApp\\entry\\.preview\\default\\intermediates\\res\\default\\module_compiled\\16383097798133550713","type":"file","isSymbolicLink":false,"fileMetaData":{"size":197,"lastModifiedTime":1745371822113}},{"hashValue":"55cba987d5617c734b78aae44d405d74","name":"16863191219395360644","path":"D:\\HarmonyOsDemo\\MyApp\\entry\\.preview\\default\\intermediates\\res\\default\\module_compiled\\16863191219395360644","type":"file","isSymbolicLink":false,"fileMetaData":{"size":170,"lastModifiedTime":1745371822094}},{"hashValue":"9effbf6ee5b75bde56fa502266980ee4","name":"17221422528206204007","path":"D:\\HarmonyOsDemo\\MyApp\\entry\\.preview\\default\\intermediates\\res\\default\\module_compiled\\17221422528206204007","type":"file","isSymbolicLink":false,"fileMetaData":{"size":197,"lastModifiedTime":1745371822105}},{"hashValue":"e174c78095a09b01590475967c30fb63","name":"17374895973194011463","path":"D:\\HarmonyOsDemo\\MyApp\\entry\\.preview\\default\\intermediates\\res\\default\\module_compiled\\17374895973194011463","type":"file","isSymbolicLink":false,"fileMetaData":{"size":122,"lastModifiedTime":1745371822083}},{"hashValue":"20bb564f9d82ca344e88b7752bfd3dbc","name":"17374931440380853964","path":"D:\\HarmonyOsDemo\\MyApp\\entry\\.preview\\default\\intermediates\\res\\default\\module_compiled\\17374931440380853964","type":"file","isSymbolicLink":false,"fileMetaData":{"size":203,"lastModifiedTime":1745371822093}},{"hashValue":"2f61480347620b65899fc85242107b30","name":"17388948460414739634","path":"D:\\HarmonyOsDemo\\MyApp\\entry\\.preview\\default\\intermediates\\res\\default\\module_compiled\\17388948460414739634","type":"file","isSymbolicLink":false,"fileMetaData":{"size":176,"lastModifiedTime":1745371822114}},{"hashValue":"9a42940bdd4b00c8fcefe5a6263f601e","name":"17669306712244615513","path":"D:\\HarmonyOsDemo\\MyApp\\entry\\.preview\\default\\intermediates\\res\\default\\module_compiled\\17669306712244615513","type":"file","isSymbolicLink":false,"fileMetaData":{"size":170,"lastModifiedTime":1745371822096}},{"hashValue":"625fd8d877298cef5dec02c6b87d35ac","name":"18149505804998893302","path":"D:\\HarmonyOsDemo\\MyApp\\entry\\.preview\\default\\intermediates\\res\\default\\module_compiled\\18149505804998893302","type":"file","isSymbolicLink":false,"fileMetaData":{"size":179,"lastModifiedTime":1745371822090}},{"hashValue":"99d02ae77266f3c099326dbe382eaa26","name":"18360103393233285613","path":"D:\\HarmonyOsDemo\\MyApp\\entry\\.preview\\default\\intermediates\\res\\default\\module_compiled\\18360103393233285613","type":"file","isSymbolicLink":false,"fileMetaData":{"size":170,"lastModifiedTime":1745371822099}},{"hashValue":"04f10bc17b184ab3c6dbd736ae231e75","name":"2707696396209275532","path":"D:\\HarmonyOsDemo\\MyApp\\entry\\.preview\\default\\intermediates\\res\\default\\module_compiled\\2707696396209275532","type":"file","isSymbolicLink":false,"fileMetaData":{"size":204,"lastModifiedTime":1745371822124}},{"hashValue":"71f5044cce14526129f8b83e21449cbb","name":"2743193830303158485","path":"D:\\HarmonyOsDemo\\MyApp\\entry\\.preview\\default\\intermediates\\res\\default\\module_compiled\\2743193830303158485","type":"file","isSymbolicLink":false,"fileMetaData":{"size":200,"lastModifiedTime":1745371822103}},{"hashValue":"adbe4ecf62972c0de82cee3b3139ac5e","name":"2857138171322662824","path":"D:\\HarmonyOsDemo\\MyApp\\entry\\.preview\\default\\intermediates\\res\\default\\module_compiled\\2857138171322662824","type":"file","isSymbolicLink":false,"fileMetaData":{"size":176,"lastModifiedTime":1745371822095}},{"hashValue":"41e96c3f288a36395862b9d6e7f75dbe","name":"2882484455935504665","path":"D:\\HarmonyOsDemo\\MyApp\\entry\\.preview\\default\\intermediates\\res\\default\\module_compiled\\2882484455935504665","type":"file","isSymbolicLink":false,"fileMetaData":{"size":137,"lastModifiedTime":1745371822128}},{"hashValue":"2f2aa06d1e82b30b7cd44a6f90d7abfd","name":"3495089856398770678","path":"D:\\HarmonyOsDemo\\MyApp\\entry\\.preview\\default\\intermediates\\res\\default\\module_compiled\\3495089856398770678","type":"file","isSymbolicLink":false,"fileMetaData":{"size":170,"lastModifiedTime":1745371822100}},{"hashValue":"8704e19001db6998cef0a937fae72d0c","name":"4646619637135345574","path":"D:\\HarmonyOsDemo\\MyApp\\entry\\.preview\\default\\intermediates\\res\\default\\module_compiled\\4646619637135345574","type":"file","isSymbolicLink":false,"fileMetaData":{"size":179,"lastModifiedTime":1745371822114}},{"hashValue":"12aa86b6d75a4f5a49c3261171bc2d6d","name":"4933940199386712620","path":"D:\\HarmonyOsDemo\\MyApp\\entry\\.preview\\default\\intermediates\\res\\default\\module_compiled\\4933940199386712620","type":"file","isSymbolicLink":false,"fileMetaData":{"size":380,"lastModifiedTime":1745371822085}},{"hashValue":"2a7be3491a6e3ba9fdd9d3dad9e4b710","name":"5098287279114517402","path":"D:\\HarmonyOsDemo\\MyApp\\entry\\.preview\\default\\intermediates\\res\\default\\module_compiled\\5098287279114517402","type":"file","isSymbolicLink":false,"fileMetaData":{"size":170,"lastModifiedTime":1745371822103}},{"hashValue":"3e95768bfee08f867f9a475eb1b245c6","name":"5184502583677180584","path":"D:\\HarmonyOsDemo\\MyApp\\entry\\.preview\\default\\intermediates\\res\\default\\module_compiled\\5184502583677180584","type":"file","isSymbolicLink":false,"fileMetaData":{"size":129,"lastModifiedTime":1745371822082}},{"hashValue":"9b1fbb292510f0724177f61de05d34de","name":"5198172477670978507","path":"D:\\HarmonyOsDemo\\MyApp\\entry\\.preview\\default\\intermediates\\res\\default\\module_compiled\\5198172477670978507","type":"file","isSymbolicLink":false,"fileMetaData":{"size":173,"lastModifiedTime":1745371822089}},{"hashValue":"cc7454e2e458f84109b3436b4d027ad1","name":"5408892473979875581","path":"D:\\HarmonyOsDemo\\MyApp\\entry\\.preview\\default\\intermediates\\res\\default\\module_compiled\\5408892473979875581","type":"file","isSymbolicLink":false,"fileMetaData":{"size":170,"lastModifiedTime":1745371822112}},{"hashValue":"292b12edca50cd861bcad31829db0da9","name":"5948445355763550221","path":"D:\\HarmonyOsDemo\\MyApp\\entry\\.preview\\default\\intermediates\\res\\default\\module_compiled\\5948445355763550221","type":"file","isSymbolicLink":false,"fileMetaData":{"size":185,"lastModifiedTime":1745371822120}},{"hashValue":"a59ef8bb2b790a5b368027a8d043ee45","name":"5987778570413671597","path":"D:\\HarmonyOsDemo\\MyApp\\entry\\.preview\\default\\intermediates\\res\\default\\module_compiled\\5987778570413671597","type":"file","isSymbolicLink":false,"fileMetaData":{"size":188,"lastModifiedTime":1745371822091}},{"hashValue":"7e26f163fe3a9a0f0c5471c28d534968","name":"6019596564839566178","path":"D:\\HarmonyOsDemo\\MyApp\\entry\\.preview\\default\\intermediates\\res\\default\\module_compiled\\6019596564839566178","type":"file","isSymbolicLink":false,"fileMetaData":{"size":170,"lastModifiedTime":1745371822108}},{"hashValue":"61d698136b95c1483dea25cb6d0c350c","name":"6100855896664042401","path":"D:\\HarmonyOsDemo\\MyApp\\entry\\.preview\\default\\intermediates\\res\\default\\module_compiled\\6100855896664042401","type":"file","isSymbolicLink":false,"fileMetaData":{"size":170,"lastModifiedTime":1745371822112}},{"hashValue":"b30948fe2bde6512be0ce564bae12b5e","name":"6791030654903230698","path":"D:\\HarmonyOsDemo\\MyApp\\entry\\.preview\\default\\intermediates\\res\\default\\module_compiled\\6791030654903230698","type":"file","isSymbolicLink":false,"fileMetaData":{"size":170,"lastModifiedTime":1745371822109}},{"hashValue":"b5718407b181a4e54524bd5a8fd63ac6","name":"6914788227666125534","path":"D:\\HarmonyOsDemo\\MyApp\\entry\\.preview\\default\\intermediates\\res\\default\\module_compiled\\6914788227666125534","type":"file","isSymbolicLink":false,"fileMetaData":{"size":192,"lastModifiedTime":1745371822126}},{"hashValue":"3de8c275fad86dd705c05d105e38a340","name":"7195908787850349336","path":"D:\\HarmonyOsDemo\\MyApp\\entry\\.preview\\default\\intermediates\\res\\default\\module_compiled\\7195908787850349336","type":"file","isSymbolicLink":false,"fileMetaData":{"size":188,"lastModifiedTime":1745371822117}},{"hashValue":"0bed3efba9e46029c1d5d79b3e003b4a","name":"7294992386576469482","path":"D:\\HarmonyOsDemo\\MyApp\\entry\\.preview\\default\\intermediates\\res\\default\\module_compiled\\7294992386576469482","type":"file","isSymbolicLink":false,"fileMetaData":{"size":179,"lastModifiedTime":1745371822121}},{"hashValue":"1b87e4916a849f4911a8ff1ba74d7491","name":"7440222996302478250","path":"D:\\HarmonyOsDemo\\MyApp\\entry\\.preview\\default\\intermediates\\res\\default\\module_compiled\\7440222996302478250","type":"file","isSymbolicLink":false,"fileMetaData":{"size":170,"lastModifiedTime":1745371822098}},{"hashValue":"f3037ab20266fca541a2d42bfee8e68e","name":"7780182380251474611","path":"D:\\HarmonyOsDemo\\MyApp\\entry\\.preview\\default\\intermediates\\res\\default\\module_compiled\\7780182380251474611","type":"file","isSymbolicLink":false,"fileMetaData":{"size":179,"lastModifiedTime":1745371822111}},{"hashValue":"67987839ef53fa4eb0e12fbcebc341c2","name":"7944154505929806271","path":"D:\\HarmonyOsDemo\\MyApp\\entry\\.preview\\default\\intermediates\\res\\default\\module_compiled\\7944154505929806271","type":"file","isSymbolicLink":false,"fileMetaData":{"size":182,"lastModifiedTime":1745371822118}},{"hashValue":"4190496deaa08f456dde3d1a5bcbcf84","name":"8375267250755878353","path":"D:\\HarmonyOsDemo\\MyApp\\entry\\.preview\\default\\intermediates\\res\\default\\module_compiled\\8375267250755878353","type":"file","isSymbolicLink":false,"fileMetaData":{"size":188,"lastModifiedTime":1745371822102}},{"hashValue":"ed48992a496838abc4c28f1fdb24c46f","name":"8538176224954650082","path":"D:\\HarmonyOsDemo\\MyApp\\entry\\.preview\\default\\intermediates\\res\\default\\module_compiled\\8538176224954650082","type":"file","isSymbolicLink":false,"fileMetaData":{"size":195,"lastModifiedTime":1745371822125}},{"hashValue":"1acc38ed0f58ce122421299c8bae07cc","name":"8926593065230864393","path":"D:\\HarmonyOsDemo\\MyApp\\entry\\.preview\\default\\intermediates\\res\\default\\module_compiled\\8926593065230864393","type":"file","isSymbolicLink":false,"fileMetaData":{"size":182,"lastModifiedTime":1745371822097}},{"hashValue":"c3754c2efc59b52f3eeeee528ec3f43a","name":"9502890081655471337","path":"D:\\HarmonyOsDemo\\MyApp\\entry\\.preview\\default\\intermediates\\res\\default\\module_compiled\\9502890081655471337","type":"file","isSymbolicLink":false,"fileMetaData":{"size":170,"lastModifiedTime":1745371822119}},{"hashValue":"d632a466440583e40bf2671d14871f19","name":"9894891248511440339","path":"D:\\HarmonyOsDemo\\MyApp\\entry\\.preview\\default\\intermediates\\res\\default\\module_compiled\\9894891248511440339","type":"file","isSymbolicLink":false,"fileMetaData":{"size":170,"lastModifiedTime":1745371822110}}]},{"hashValue":"e79e84f6b3a1c3b6b9d0f1b66f918b88","name":"module.json","path":"D:\\HarmonyOsDemo\\MyApp\\entry\\.preview\\default\\intermediates\\res\\default\\module.json","type":"file","isSymbolicLink":false,"fileMetaData":{"size":1737,"lastModifiedTime":1745371822906}},{"hashValue":"397daf00a839cbba11af429336d91828","name":"resources","path":"D:\\HarmonyOsDemo\\MyApp\\entry\\.preview\\default\\intermediates\\res\\default\\resources","type":"directory","isSymbolicLink":false,"children":[{"hashValue":"c90750bddfabf8abf9ad586b472c0f0e","name":"base","path":"D:\\HarmonyOsDemo\\MyApp\\entry\\.preview\\default\\intermediates\\res\\default\\resources\\base","type":"directory","isSymbolicLink":false,"children":[{"hashValue":"91790b774395d87e07c677ed5cb35690","name":"media","path":"D:\\HarmonyOsDemo\\MyApp\\entry\\.preview\\default\\intermediates\\res\\default\\resources\\base\\media","type":"directory","isSymbolicLink":false,"children":[{"hashValue":"0d9eeb5469630691347cfd08599bf037","name":"layered_image.json","path":"D:\\HarmonyOsDemo\\MyApp\\entry\\.preview\\default\\intermediates\\res\\default\\resources\\base\\media\\layered_image.json","type":"file","isSymbolicLink":false,"fileMetaData":{"size":95,"lastModifiedTime":1745371822420}}]},{"hashValue":"6f6eddc3f4d3e230a39c3b1680f35a9b","name":"profile","path":"D:\\HarmonyOsDemo\\MyApp\\entry\\.preview\\default\\intermediates\\res\\default\\resources\\base\\profile","type":"directory","isSymbolicLink":false,"children":[{"hashValue":"91f2f3e0d54eff30e9ce166a80be3789","name":"backup_config.json","path":"D:\\HarmonyOsDemo\\MyApp\\entry\\.preview\\default\\intermediates\\res\\default\\resources\\base\\profile\\backup_config.json","type":"file","isSymbolicLink":false,"fileMetaData":{"size":36,"lastModifiedTime":1742884242619}},{"hashValue":"7fe00e442d0a614dd3656116036aa0c8","name":"main_pages.json","path":"D:\\HarmonyOsDemo\\MyApp\\entry\\.preview\\default\\intermediates\\res\\default\\resources\\base\\profile\\main_pages.json","type":"file","isSymbolicLink":false,"fileMetaData":{"size":23,"lastModifiedTime":1745371822636}},{"hashValue":"97122e831c6d049708b4f80cadac8509","name":"route_map.json","path":"D:\\HarmonyOsDemo\\MyApp\\entry\\.preview\\default\\intermediates\\res\\default\\resources\\base\\profile\\route_map.json","type":"file","isSymbolicLink":false,"fileMetaData":{"size":240,"lastModifiedTime":1744890248508}}]}]}]},{"hashValue":"d0737f1dd8eb0f09a4e7fcf701576a6a","name":"resources.index","path":"D:\\HarmonyOsDemo\\MyApp\\entry\\.preview\\default\\intermediates\\res\\default\\resources.index","type":"file","isSymbolicLink":false,"fileMetaData":{"size":4637,"lastModifiedTime":1745371822422}},{"hashValue":"bb82047919acba8c75ee56e04b22ca6c","name":"ResourceTable.txt","path":"D:\\HarmonyOsDemo\\MyApp\\entry\\.preview\\default\\intermediates\\res\\default\\ResourceTable.txt","type":"file","isSymbolicLink":false,"fileMetaData":{"size":1204,"lastModifiedTime":1745371822429}}]},"D:\\HarmonyOsDemo\\MyApp\\entry\\.preview\\default\\generated\\r\\default":{"hashValue":"ee4928d0f05fa43e0613bb0caf24a1e3","name":"default","path":"D:\\HarmonyOsDemo\\MyApp\\entry\\.preview\\default\\generated\\r\\default","type":"directory","isSymbolicLink":false,"children":[{"hashValue":"4bb541eb06709c2c4260b039a1a44603","name":"ResourceTable.h","path":"D:\\HarmonyOsDemo\\MyApp\\entry\\.preview\\default\\generated\\r\\default\\ResourceTable.h","type":"file","isSymbolicLink":false,"fileMetaData":{"size":2675,"lastModifiedTime":1745371822428}}]},"D:\\HarmonyOsDemo\\MyApp\\entry\\src\\main\\resources\\base\\profile":{"hashValue":"c8d849c2741f80745ae206285698e741","name":"profile","path":"D:\\HarmonyOsDemo\\MyApp\\entry\\src\\main\\resources\\base\\profile","type":"directory","isSymbolicLink":false,"children":[{"hashValue":"91f2f3e0d54eff30e9ce166a80be3789","name":"backup_config.json","path":"D:\\HarmonyOsDemo\\MyApp\\entry\\src\\main\\resources\\base\\profile\\backup_config.json","type":"file","isSymbolicLink":false,"fileMetaData":{"size":36,"lastModifiedTime":1742884242619}},{"hashValue":"57a4a8789915d4b5ca310b935d0567c8","name":"main_pages.json","path":"D:\\HarmonyOsDemo\\MyApp\\entry\\src\\main\\resources\\base\\profile\\main_pages.json","type":"file","isSymbolicLink":false,"fileMetaData":{"size":40,"lastModifiedTime":1744889874405}},{"hashValue":"97122e831c6d049708b4f80cadac8509","name":"route_map.json","path":"D:\\HarmonyOsDemo\\MyApp\\entry\\src\\main\\resources\\base\\profile\\route_map.json","type":"file","isSymbolicLink":false,"fileMetaData":{"size":240,"lastModifiedTime":1744890248508}}]},"D:\\HarmonyOsDemo\\MyApp\\entry\\.preview\\default\\intermediates\\res\\default\\resources\\base\\profile":{"hashValue":"6f6eddc3f4d3e230a39c3b1680f35a9b","name":"profile","path":"D:\\HarmonyOsDemo\\MyApp\\entry\\.preview\\default\\intermediates\\res\\default\\resources\\base\\profile","type":"directory","isSymbolicLink":false,"children":[{"hashValue":"91f2f3e0d54eff30e9ce166a80be3789","name":"backup_config.json","path":"D:\\HarmonyOsDemo\\MyApp\\entry\\.preview\\default\\intermediates\\res\\default\\resources\\base\\profile\\backup_config.json","type":"file","isSymbolicLink":false,"fileMetaData":{"size":36,"lastModifiedTime":1742884242619}},{"hashValue":"7fe00e442d0a614dd3656116036aa0c8","name":"main_pages.json","path":"D:\\HarmonyOsDemo\\MyApp\\entry\\.preview\\default\\intermediates\\res\\default\\resources\\base\\profile\\main_pages.json","type":"file","isSymbolicLink":false,"fileMetaData":{"size":23,"lastModifiedTime":1745371822636}},{"hashValue":"97122e831c6d049708b4f80cadac8509","name":"route_map.json","path":"D:\\HarmonyOsDemo\\MyApp\\entry\\.preview\\default\\intermediates\\res\\default\\resources\\base\\profile\\route_map.json","type":"file","isSymbolicLink":false,"fileMetaData":{"size":240,"lastModifiedTime":1744890248508}}]},"D:\\HarmonyOsDemo\\MyApp\\entry\\.preview\\default\\intermediates\\res\\default\\module.json":{"hashValue":"e79e84f6b3a1c3b6b9d0f1b66f918b88","name":"module.json","path":"D:\\HarmonyOsDemo\\MyApp\\entry\\.preview\\default\\intermediates\\res\\default\\module.json","type":"file","isSymbolicLink":false,"fileMetaData":{"size":1737,"lastModifiedTime":1745371822906}},"D:\\HarmonyOsDemo\\MyApp\\entry\\.preview\\default\\intermediates\\res\\default\\resources\\base\\profile\\main_pages.json":{"hashValue":"7fe00e442d0a614dd3656116036aa0c8","name":"main_pages.json","path":"D:\\HarmonyOsDemo\\MyApp\\entry\\.preview\\default\\intermediates\\res\\default\\resources\\base\\profile\\main_pages.json","type":"file","isSymbolicLink":false,"fileMetaData":{"size":23,"lastModifiedTime":1745371822636}},"D:\\HarmonyOsDemo\\MyApp\\entry\\.preview\\default\\intermediates\\loader\\default":{"hashValue":"48c82d2fe4f1e3ecd9a1846ec410d084","name":"default","path":"D:\\HarmonyOsDemo\\MyApp\\entry\\.preview\\default\\intermediates\\loader\\default","type":"directory","isSymbolicLink":false,"children":[{"hashValue":"d4929e4619a169f73bfaa0c40752bfb7","name":"loader.json","path":"D:\\HarmonyOsDemo\\MyApp\\entry\\.preview\\default\\intermediates\\loader\\default\\loader.json","type":"file","isSymbolicLink":false,"fileMetaData":{"size":1117,"lastModifiedTime":1745222529152}},{"hashValue":"f98234d8cc8801a4daddb4364f86a131","name":"pkgContextInfo.json","path":"D:\\HarmonyOsDemo\\MyApp\\entry\\.preview\\default\\intermediates\\loader\\default\\pkgContextInfo.json","type":"file","isSymbolicLink":false,"fileMetaData":{"size":444,"lastModifiedTime":1742885603112}}]},"D:\\HarmonyOsDemo\\MyApp\\entry\\.preview\\default\\intermediates\\res\\default\\ResourceTable.txt":{"hashValue":"bb82047919acba8c75ee56e04b22ca6c","name":"ResourceTable.txt","path":"D:\\HarmonyOsDemo\\MyApp\\entry\\.preview\\default\\intermediates\\res\\default\\ResourceTable.txt","type":"file","isSymbolicLink":false,"fileMetaData":{"size":1204,"lastModifiedTime":1745371822429}},"D:\\HarmonyOsDemo\\MyApp\\entry\\src\\main\\ets":{"hashValue":"7e5a75b93372aadb4567b43cf3894ed6","name":"ets","path":"D:\\HarmonyOsDemo\\MyApp\\entry\\src\\main\\ets","type":"directory","isSymbolicLink":false,"children":[{"hashValue":"3c8178fe399acc3e7eb480e7f73dca82","name":"common","path":"D:\\HarmonyOsDemo\\MyApp\\entry\\src\\main\\ets\\common","type":"directory","isSymbolicLink":false,"children":[{"hashValue":"90a40df12ff2b1329c6d7a21e6d0fd0b","name":"network","path":"D:\\HarmonyOsDemo\\MyApp\\entry\\src\\main\\ets\\common\\network","type":"directory","isSymbolicLink":false,"children":[{"hashValue":"0406fd17738dbe0069d319a30217cace","name":"HttpUtils.ets","path":"D:\\HarmonyOsDemo\\MyApp\\entry\\src\\main\\ets\\common\\network\\HttpUtils.ets","type":"file","isSymbolicLink":false,"fileMetaData":{"size":2215,"lastModifiedTime":1745221649774}}]}]},{"hashValue":"75f1cf76c301a91bccfafa02e8b1fd65","name":"entryability","path":"D:\\HarmonyOsDemo\\MyApp\\entry\\src\\main\\ets\\entryability","type":"directory","isSymbolicLink":false,"children":[{"hashValue":"f4ed3a8775dced6707363de53a3e122a","name":"EntryAbility.ets","path":"D:\\HarmonyOsDemo\\MyApp\\entry\\src\\main\\ets\\entryability\\EntryAbility.ets","type":"file","isSymbolicLink":false,"fileMetaData":{"size":1627,"lastModifiedTime":1742885028094}}]},{"hashValue":"608032b155e00afb48e071e39727fe8b","name":"entrybackupability","path":"D:\\HarmonyOsDemo\\MyApp\\entry\\src\\main\\ets\\entrybackupability","type":"directory","isSymbolicLink":false,"children":[{"hashValue":"134b655d48a6407c6bacd1120f797294","name":"EntryBackupAbility.ets","path":"D:\\HarmonyOsDemo\\MyApp\\entry\\src\\main\\ets\\entrybackupability\\EntryBackupAbility.ets","type":"file","isSymbolicLink":false,"fileMetaData":{"size":522,"lastModifiedTime":1742884247241}}]},{"hashValue":"8f5f771dc5ef93d233071d4aa579f595","name":"pages","path":"D:\\HarmonyOsDemo\\MyApp\\entry\\src\\main\\ets\\pages","type":"directory","isSymbolicLink":false,"children":[{"hashValue":"fb4b97873886787518af2a12ec3d3a5d","name":"Index.ets","path":"D:\\HarmonyOsDemo\\MyApp\\entry\\src\\main\\ets\\pages\\Index.ets","type":"file","isSymbolicLink":false,"fileMetaData":{"size":565,"lastModifiedTime":1742884242655}},{"hashValue":"06ba6d6b290337e3049d902b2e9673ba","name":"LoginPage.ets","path":"D:\\HarmonyOsDemo\\MyApp\\entry\\src\\main\\ets\\pages\\LoginPage.ets","type":"file","isSymbolicLink":false,"fileMetaData":{"size":4266,"lastModifiedTime":1744892297355}},{"hashValue":"4092a4ac4922580cbb0bfa64882e49fc","name":"MainPage.ets","path":"D:\\HarmonyOsDemo\\MyApp\\entry\\src\\main\\ets\\pages\\MainPage.ets","type":"file","isSymbolicLink":false,"fileMetaData":{"size":2040,"lastModifiedTime":1744890096319}}]},{"hashValue":"df06f5bb13858a2780d5620fe8fe51f6","name":"viewmodel","path":"D:\\HarmonyOsDemo\\MyApp\\entry\\src\\main\\ets\\viewmodel","type":"directory","isSymbolicLink":false,"children":[{"hashValue":"7eaee7a9fc773abb0f6be3a199775be4","name":"ItemData.ets","path":"D:\\HarmonyOsDemo\\MyApp\\entry\\src\\main\\ets\\viewmodel\\ItemData.ets","type":"file","isSymbolicLink":false,"fileMetaData":{"size":306,"lastModifiedTime":1744602971151}},{"hashValue":"b00abe22a04a764bae3ef02b3cb149d7","name":"MainViewModel.ets","path":"D:\\HarmonyOsDemo\\MyApp\\entry\\src\\main\\ets\\viewmodel\\MainViewModel.ets","type":"file","isSymbolicLink":false,"fileMetaData":{"size":1579,"lastModifiedTime":1744688381816}},{"hashValue":"5d2ec55c47b2bdcb32f175f89c3ac335","name":"ResponseData","path":"D:\\HarmonyOsDemo\\MyApp\\entry\\src\\main\\ets\\viewmodel\\ResponseData","type":"directory","isSymbolicLink":false,"children":[{"hashValue":"3165fc50d56aaaccdf5607c16bf2229e","name":"ListInfo.ets","path":"D:\\HarmonyOsDemo\\MyApp\\entry\\src\\main\\ets\\viewmodel\\ResponseData\\ListInfo.ets","type":"file","isSymbolicLink":false,"fileMetaData":{"size":929,"lastModifiedTime":1733151870655}},{"hashValue":"7a7c1e096fd7fe610a63812c531affc5","name":"ResponseData.ets","path":"D:\\HarmonyOsDemo\\MyApp\\entry\\src\\main\\ets\\viewmodel\\ResponseData\\ResponseData.ets","type":"file","isSymbolicLink":false,"fileMetaData":{"size":842,"lastModifiedTime":1733151862693}},{"hashValue":"6f27e3c91d9806ea327a952fac3ed327","name":"Value.ets","path":"D:\\HarmonyOsDemo\\MyApp\\entry\\src\\main\\ets\\viewmodel\\ResponseData\\Value.ets","type":"file","isSymbolicLink":false,"fileMetaData":{"size":796,"lastModifiedTime":1733151857539}}]}]},{"hashValue":"2cba0a963ad5214b3c4e5ce944fdc919","name":"views","path":"D:\\HarmonyOsDemo\\MyApp\\entry\\src\\main\\ets\\views","type":"directory","isSymbolicLink":false,"children":[{"hashValue":"a377692b39252ae6fffa07b3c578e430","name":"Home.ets","path":"D:\\HarmonyOsDemo\\MyApp\\entry\\src\\main\\ets\\views\\Home.ets","type":"file","isSymbolicLink":false,"fileMetaData":{"size":4677,"lastModifiedTime":1745223009162}},{"hashValue":"2fb1091b504aa9cda02df621e1ad0ec2","name":"Setting.ets","path":"D:\\HarmonyOsDemo\\MyApp\\entry\\src\\main\\ets\\views\\Setting.ets","type":"file","isSymbolicLink":false,"fileMetaData":{"size":2597,"lastModifiedTime":1744618393149}}]}]},"D:\\HarmonyOsDemo\\MyApp\\entry\\src\\main\\resources\\base\\profile\\route_map.json":{"hashValue":"97122e831c6d049708b4f80cadac8509","name":"route_map.json","path":"D:\\HarmonyOsDemo\\MyApp\\entry\\src\\main\\resources\\base\\profile\\route_map.json","type":"file","isSymbolicLink":false,"fileMetaData":{"size":240,"lastModifiedTime":1744890248508}},"D:\\HarmonyOsDemo\\MyApp\\entry\\.preview\\default\\intermediates\\router_map\\default\\route_map.json":{"hashValue":"10b6c535c69fe14d1c5a9826e27b4a68","name":"route_map.json","path":"D:\\HarmonyOsDemo\\MyApp\\entry\\.preview\\default\\intermediates\\router_map\\default\\route_map.json","type":"file","isSymbolicLink":false,"fileMetaData":{"size":336,"lastModifiedTime":1745222528828}},"D:\\HarmonyOsDemo\\MyApp\\entry\\.preview\\default\\intermediates\\loader_out\\default\\ets":{"hashValue":"","name":"emptyroot","path":"","type":"unknown","isSymbolicLink":false,"children":[]}}