{"CACHE_SYNC_FILE_HASH":{"D:\\HarmonyOsDemo\\MyApp\\entry\\hvigorfile.ts":"6e7ada53734518459675a59c0ffaec46fa7fe5a05ef3b910eba78034db261a09","D:\\HarmonyOsDemo\\MyApp\\entry\\build-profile.json5":"ce77fbf8cfa9a5e2dc853bde026a4000240bc1a449c99dff456a7f3cdc66e06b","D:\\HarmonyOsDemo\\MyApp\\build-profile.json5":"63284b08f2f6e846d98fa8cb86d6866c770f7299f51448b4963d3d5aba9b61b1","D:\\HarmonyOsDemo\\MyApp\\hvigorfile.ts":"9294cf4c82ef357cb9ee5892c9883708afea18885516091384890761f40449b7","D:\\HarmonyOsDemo\\MyApp\\.hvigor\\outputs\\sync\\output.json":"515d9de6548991cf9d8760ce9955321baa639b81611ae31766c552918cb643b1","D:\\HarmonyOsDemo\\MyApp\\oh-package.json5":"7723ecfbdedb01be309fa662702206f861712d3a59aba5f6bda19be443695c9a","D:\\HarmonyOsDemo\\MyApp\\entry\\oh-package.json5":"68496f614786db585b6ded3b23ca89f703d2e9b170af4148e929de1c869f328b","SDK_LOCATION":"D:/DevEco Studio/sdk","D:\\HarmonyOsDemo\\MyApp\\hvigor\\hvigor-config.json5":"c521d67bcdcceb9324ecef8a66a5613665ef2b9503832d9f79ff2237c51c6b64"},"OHPM_INSTALL_FILE_HASH":{"D:\\HarmonyOsDemo\\MyApp\\oh_modules\\.ohpm\\lock.json5":"a4783b92087c4d002d43ac90680d34f6cfdef364c9717fd55aeeed14ff2fddbc","D:\\HarmonyOsDemo\\MyApp\\oh_modules":true,"D:\\HarmonyOsDemo\\MyApp\\oh-package.json5":"7723ecfbdedb01be309fa662702206f861712d3a59aba5f6bda19be443695c9a","D:\\HarmonyOsDemo\\MyApp\\entry\\oh_modules":false,"D:\\HarmonyOsDemo\\MyApp\\entry\\oh-package.json5":"68496f614786db585b6ded3b23ca89f703d2e9b170af4148e929de1c869f328b"}}